<?xml version='1.0' encoding='UTF-8' ?>
<timeLogEntries>
  <time id="1" path="/Lab3AED/PSP0/Planning" start="@1555013650708" delta="36" comment="Beginning of the analysis of the problem" />
  <time id="2" path="/Lab3AED/PSP0/Planning" start="@1555351774661" delta="58" comment="Analyzing the problem and working on the engineering method" />
  <time id="3" path="/Lab3AED/PSP0/Design" start="@1555355262919" delta="24" comment="Created prelimary gui" />
  <time id="4" path="/Lab3AED/PSP0/Planning" start="@1555356732029" delta="53" comment="Analyzing the problem and working on the engineering method" />
  <time id="5" path="/Lab3AED/PSP0/Design" start="@1555465488803" delta="51" comment="Worked on gui" />
  <time id="6" path="/Lab3AED/PSP0/Code" start="@1555533568590" delta="56" comment="Worked on RBTree" />
  <time id="7" path="/Lab3AED/PSP0/Code" start="@1555551838080" delta="112" comment="Worked on the methods to find the highest and lowest price of a market" />
  <time id="8" path="/Lab3AED/PSP0/Design" start="@1555620930457" delta="62" />
  <time id="9" path="/Lab3AED/PSP0/Code" start="@1555631459284" delta="166" comment="fixed errors in RBTree" />
  <time id="10" path="/Lab3AED/PSP0/Compile" start="@1555788500200" delta="141" />
  <time id="11" path="/Lab3AED/PSP0/Code" start="@1555850769763" delta="42" comment="Method to find the markets above a value" />
  <time id="12" path="/Lab3AED/PSP0/Compile" start="@1555853284830" delta="38" />
  <time id="13" path="/Lab3AED/PSP0/Code" start="@1555856027220" delta="50" comment="Method to find the three with the greatest growth" />
  <time id="14" path="/Lab3AED/PSP0/Compile" start="@1555859037623" delta="28" />
  <time id="15" path="/Lab3AED/PSP0/Code" start="@1555864648604" delta="25" comment="Finished graph" />
  <time id="16" path="/Project3PI/PSP0/Planning" start="@1565372098506" delta="52" />
  <time id="17" path="/Project3PI/PSP0/Planning" start="@1565386135546" delta="56" />
  <time id="18" path="/Project3PI/PSP0/Design" start="@1565389541434" delta="7" />
  <time id="19" path="/Project3PI/PSP0/Planning" start="@1565389976824" delta="40" />
  <time id="20" path="/Project3PI/PSP0/Design" start="@1565392524799" delta="26" />
  <time id="21" path="/Project3PI/PSP0/Code" start="@1565394100781" delta="74" />
</timeLogEntries>
