2019-01-10 11:45:55.070781 UTC,32.09995,34.78794,1,[182]
2019-01-10 11:45:55.070781 UTC,32.06567,34.79612,1,[268]
2019-01-10 11:45:55.070781 UTC,32.06465,34.80322,1,[106]
2019-01-10 11:45:55.070781 UTC,32.05978,34.81034,1,[180]
2019-01-10 11:45:55.070781 UTC,32.05133,34.75089,1,[16]
2019-01-10 11:45:55.070781 UTC,32.04223,34.7742,1,[72]
2019-01-10 11:45:55.070781 UTC,32.04156,34.77128,1,[160]
2019-01-10 11:45:55.070781 UTC,32.12373,34.81346,1,[210]
2019-01-10 11:45:55.070781 UTC,32.11874,34.83406,1,[136]
2019-01-10 11:45:55.070781 UTC,32.03351,34.75509,1,[27]
2019-01-10 11:45:55.070781 UTC,32.14288,34.79361,1,[75]
2019-01-10 11:45:55.070781 UTC,32.14306,34.79729,1,[132]
2019-01-10 11:45:55.070781 UTC,32.083175,34.776552,0,[]
2019-01-10 11:45:55.070781 UTC,32.088379,34.775111,0,[]
2019-01-10 11:45:55.070781 UTC,32.074877,34.773515,0,[]
2019-01-10 11:45:55.070781 UTC,32.098603,34.778565,0,[]
2019-01-10 11:45:55.070781 UTC,32.09478,34.79728,0,[]
2019-01-10 11:45:55.070781 UTC,32.098032,34.798089,0,[]
2019-01-10 11:45:55.070781 UTC,32.12047,34.800318,0,[]
2019-01-10 11:45:55.070781 UTC,32.04409,34.80421,0,[]
2019-01-10 11:45:55.070781 UTC,32.113723,34.82452,0,[]
2019-01-10 11:45:55.070781 UTC,32.110506,34.83111,0,[]
2019-01-10 11:45:55.070781 UTC,32.082191,34.771216,1,[37]
2019-01-10 11:45:55.070781 UTC,32.06879,34.796905,1,[239]
2019-01-10 11:45:55.070781 UTC,32.066956,34.793493,1,[156]
2019-01-10 11:45:55.070781 UTC,32.063111,34.769903,1,[216]
2019-01-10 11:45:55.070781 UTC,32.0619,34.7901,1,[263]
2019-01-10 11:45:55.070781 UTC,32.050787,34.771715,1,[272]
2019-01-10 11:45:55.070781 UTC,32.117448,34.797333,1,[30]
2019-01-10 11:45:55.070781 UTC,32.114,34.8188,1,[213]
2019-01-10 11:45:55.070781 UTC,32.044725,34.767288,1,[168]
"2019-01-10 11:45:55.070781 UTC,32.065721,34.776917,2,""[38, 237]"""
"2019-01-10 11:45:55.070781 UTC,32.0617,34.7844,2,""[7, 96]"""
"2019-01-10 11:45:55.070781 UTC,32.107998,34.802707,2,""[240, 245]"""
"2019-01-10 11:45:55.070781 UTC,32.1097,34.8408,3,""[104, 162, 243]"""
2019-01-10 11:45:55.070781 UTC,32.055602,34.783771,0,[]
2019-01-10 11:50:04.533343 UTC,32.05869,34.78175,1,[219]
2019-01-10 11:50:04.533343 UTC,32.0528,34.76092,1,[176]
2019-01-10 11:50:04.533343 UTC,32.04349,34.78069,1,[53]
2019-01-10 11:50:04.533343 UTC,32.04786,34.80921,1,[9]
2019-01-10 11:50:04.533343 UTC,32.12259,34.81741,1,[36]
2019-01-10 11:50:04.533343 UTC,32.14288,34.79361,1,[75]
2019-01-10 11:50:04.533343 UTC,32.079221,34.788357,0,[]
2019-01-10 11:50:04.533343 UTC,32.086678,34.791337,0,[]
2019-01-10 11:50:04.533343 UTC,32.07896,34.773268,0,[]
2019-01-10 11:50:04.533343 UTC,32.093315,34.784909,0,[]
2019-01-10 11:50:04.533343 UTC,32.074877,34.773515,0,[]
2019-01-10 11:50:04.533343 UTC,32.074095,34.769072,0,[]
2019-01-10 11:50:04.533343 UTC,32.09478,34.79728,0,[]
2019-01-10 11:50:04.533343 UTC,32.113723,34.82452,0,[]
2019-01-10 11:50:04.533343 UTC,32.121978,34.834448,0,[]
2019-01-10 11:50:04.533343 UTC,32.0736,34.7843,1,[146]
2019-01-10 11:50:04.533343 UTC,32.058597,34.8004,1,[251]
2019-01-10 11:50:04.533343 UTC,32.055046,34.767713,1,[147]
2019-01-10 11:50:04.533343 UTC,32.044725,34.767288,1,[168]
2019-01-10 11:50:04.533343 UTC,32.107238,34.83433,1,[223]
2019-01-10 11:50:04.533343 UTC,32.111635,34.838763,1,[105]
"2019-01-10 11:50:04.533343 UTC,32.072,34.7911,2,""[152, 220]"""
"2019-01-10 11:50:04.533343 UTC,32.107998,34.802707,2,""[240, 245]"""
"2019-01-10 11:50:04.533343 UTC,32.117818,34.839188,2,""[43, 79]"""
2019-01-10 11:50:04.533343 UTC,32.104012,34.810347,0,[]
"2019-01-10 11:50:04.533343 UTC,32.1034,34.8059,4,""[125, 195, 238, 264]"""
2019-01-10 11:47:59.684216 UTC,32.11747,34.79886,1,[2]
2019-01-10 11:47:59.684216 UTC,32.0528,34.76092,1,[176]
2019-01-10 11:47:59.684216 UTC,32.13051,34.79512,1,[108]
2019-01-10 11:47:59.684216 UTC,32.10989,34.83582,1,[154]
2019-01-10 11:47:59.684216 UTC,32.12156,34.83265,1,[170]
2019-01-10 11:47:59.684216 UTC,32.12045,34.83864,1,[131]
2019-01-10 11:47:59.684216 UTC,32.083,34.7806,0,[]
2019-01-10 11:47:59.684216 UTC,32.088379,34.775111,0,[]
2019-01-10 11:47:59.684216 UTC,32.080572,34.788038,0,[]
2019-01-10 11:47:59.684216 UTC,32.093232,34.791399,0,[]
2019-01-10 11:47:59.684216 UTC,32.075637,34.766552,0,[]
2019-01-10 11:47:59.684216 UTC,32.096792,34.797362,0,[]
2019-01-10 11:47:59.684216 UTC,32.098032,34.798089,0,[]
2019-01-10 11:47:59.684216 UTC,32.067037,34.767475,0,[]
2019-01-10 11:47:59.684216 UTC,32.062146,34.790668,0,[]
2019-01-10 11:47:59.684216 UTC,32.110047,34.79029,0,[]
2019-01-10 11:47:59.684216 UTC,32.062158,34.764832,0,[]
2019-01-10 11:47:59.684216 UTC,32.056237,34.769956,0,[]
2019-01-10 11:47:59.684216 UTC,32.03761,34.751066,0,[]
2019-01-10 11:47:59.684216 UTC,32.066956,34.793493,1,[156]
2019-01-10 11:47:59.684216 UTC,32.111635,34.838763,1,[105]
"2019-01-10 11:47:59.684216 UTC,32.091177,34.790288,2,""[134, 258]"""
"2019-01-10 11:47:59.684216 UTC,32.06119,34.78355,2,""[14, 203]"""
2019-01-10 09:38:52.434456 UTC,32.09629,34.7915,1,[130]
2019-01-10 09:38:52.434456 UTC,32.06757,34.79117,1,[198]
2019-01-10 09:38:52.434456 UTC,32.05325,34.7724,1,[105]
2019-01-10 09:38:52.434456 UTC,32.11115,34.81262,1,[163]
2019-01-10 09:38:52.434456 UTC,32.0451,34.77424,1,[221]
2019-01-10 09:38:52.434456 UTC,32.04156,34.77128,1,[160]
2019-01-10 09:38:52.434456 UTC,32.12132,34.82221,1,[71]
2019-01-10 09:38:52.434456 UTC,32.13626,34.79693,1,[266]
2019-01-10 09:38:52.434456 UTC,32.083,34.7806,0,[]
2019-01-10 09:38:52.434456 UTC,32.087613,34.784496,0,[]
2019-01-10 09:38:52.434456 UTC,32.080738,34.77968,0,[]
2019-01-10 09:38:52.434456 UTC,32.08437,34.774964,0,[]
2019-01-10 09:38:52.434456 UTC,32.080572,34.788038,0,[]
2019-01-10 09:38:52.434456 UTC,32.0919,34.7822,0,[]
2019-01-10 09:38:52.434456 UTC,32.07837,34.78253,0,[]
2019-01-10 09:38:52.434456 UTC,32.079462,34.776901,0,[]
2019-01-10 09:38:52.434456 UTC,32.081666,34.774062,0,[]
2019-01-10 09:38:52.434456 UTC,32.076125,34.776436,0,[]
2019-01-10 09:38:52.434456 UTC,32.083389,34.769872,0,[]
2019-01-10 09:38:52.434456 UTC,32.094177,34.775399,0,[]
2019-01-10 09:38:52.434456 UTC,32.076217,34.771447,0,[]
2019-01-10 09:38:52.434456 UTC,32.072537,34.784071,0,[]
2019-01-10 09:38:52.434456 UTC,32.072235,34.774545,0,[]
2019-01-10 09:38:52.434456 UTC,32.070599,34.776225,0,[]
2019-01-10 09:38:52.434456 UTC,32.06645,34.786325,0,[]
2019-01-10 09:38:52.434456 UTC,32.065732,34.776003,0,[]
2019-01-10 09:38:52.434456 UTC,32.066956,34.793493,0,[]
2019-01-10 09:38:52.434456 UTC,32.062146,34.790668,0,[]
2019-01-10 09:38:52.434456 UTC,32.051976,34.764434,0,[]
2019-01-10 09:38:52.434456 UTC,32.04795,34.778063,0,[]
2019-01-10 09:38:52.434456 UTC,32.0502,34.7986,0,[]
2019-01-10 09:38:52.434456 UTC,32.109362,34.81926,0,[]
2019-01-10 09:38:52.434456 UTC,32.124,34.7917,0,[]
2019-01-10 09:38:52.434456 UTC,32.053555,34.753245,0,[]
2019-01-10 09:38:52.434456 UTC,32.111722,34.816493,0,[]
2019-01-10 09:38:52.434456 UTC,32.1243,34.8028,0,[]
2019-01-10 09:38:52.434456 UTC,32.113535,34.84241,0,[]
2019-01-10 09:38:52.434456 UTC,32.091177,34.790288,1,[134]
2019-01-10 09:38:52.434456 UTC,32.06879,34.796905,1,[239]
2019-01-10 09:38:52.434456 UTC,32.059834,34.772457,1,[120]
2019-01-10 09:38:52.434456 UTC,32.053587,34.755045,1,[188]
2019-01-10 09:38:52.434456 UTC,32.050298,34.757023,1,[235]
"2019-01-10 09:38:52.434456 UTC,32.062973,34.776415,2,""[231, 260]"""
"2019-01-10 09:38:52.434456 UTC,32.111344,34.801714,2,""[39, 242]"""
"2019-01-10 09:38:52.434456 UTC,32.106567,34.832598,3,""[18, 230, 248]"""
2019-01-10 09:38:52.434456 UTC,32.1059,34.8134,0,[]
2019-01-10 09:38:52.434456 UTC,32.099246,34.781252,1,[234]
2019-01-10 12:54:40.403776 UTC,32.06493,34.77076,1,[51]
2019-01-10 12:54:40.403776 UTC,32.05285,34.76035,1,[95]
2019-01-10 12:54:40.403776 UTC,32.0528,34.76092,1,[176]
2019-01-10 12:54:40.403776 UTC,32.04786,34.80921,1,[9]
2019-01-10 12:54:40.403776 UTC,32.12154,34.81392,1,[177]
2019-01-10 12:54:40.403776 UTC,32.12259,34.81741,1,[36]
2019-01-10 12:54:40.403776 UTC,32.14288,34.79361,1,[75]
2019-01-10 12:54:40.403776 UTC,32.086838,34.78117,0,[]
2019-01-10 12:54:40.403776 UTC,32.089229,34.786514,0,[]
2019-01-10 12:54:40.403776 UTC,32.079074,34.783401,0,[]
2019-01-10 12:54:40.403776 UTC,32.087199,34.772954,0,[]
2019-01-10 12:54:40.403776 UTC,32.076339,34.78686,0,[]
2019-01-10 12:54:40.403776 UTC,32.07669,34.772553,0,[]
2019-01-10 12:54:40.403776 UTC,32.093232,34.791399,0,[]
2019-01-10 12:54:40.403776 UTC,32.073063,34.771625,0,[]
2019-01-10 12:54:40.403776 UTC,32.0986,34.7884,0,[]
2019-01-10 12:54:40.403776 UTC,32.098032,34.798089,0,[]
2019-01-10 12:54:40.403776 UTC,32.06879,34.796905,0,[]
2019-01-10 12:54:40.403776 UTC,32.0609,34.7944,0,[]
2019-01-10 12:54:40.403776 UTC,32.054265,34.78285,0,[]
2019-01-10 12:54:40.403776 UTC,32.057609,34.7643,0,[]
2019-01-10 12:54:40.403776 UTC,32.111722,34.816493,0,[]
2019-01-10 12:54:40.403776 UTC,32.143248,34.79234,0,[]
2019-01-10 12:54:40.403776 UTC,32.095524,34.773635,1,[13]
2019-01-10 12:54:40.403776 UTC,32.1066,34.8043,1,[77]
2019-01-10 12:54:40.403776 UTC,32.056145,34.781402,1,[233]
2019-01-10 12:54:40.403776 UTC,32.050787,34.771715,1,[272]
2019-01-10 12:54:40.403776 UTC,32.055198,34.757884,1,[202]
2019-01-10 12:54:40.403776 UTC,32.120495,34.7926,1,[166]
2019-01-10 12:54:40.403776 UTC,32.111635,34.838763,1,[105]
"2019-01-10 12:54:40.403776 UTC,32.065721,34.776917,2,""[38, 237]"""
2019-01-10 12:54:40.403776 UTC,32.0989,34.778,0,[]
2019-01-10 11:16:45.883965 UTC,32.06757,34.79117,1,[198]
2019-01-10 11:16:45.883965 UTC,32.06124,34.76274,1,[236]
2019-01-10 11:16:45.883965 UTC,32.04434,34.78131,1,[129]
2019-01-10 11:16:45.883965 UTC,32.04413,34.7993,1,[256]
2019-01-10 11:16:45.883965 UTC,32.04786,34.80916,1,[9]
2019-01-10 11:16:45.883965 UTC,32.11237,34.82399,1,[261]
2019-01-10 11:16:45.883965 UTC,32.13129,34.79249,1,[51]
2019-01-10 11:16:45.883965 UTC,32.0456,34.75091,1,[111]
2019-01-10 11:16:45.883965 UTC,32.12045,34.83864,1,[131]
2019-01-10 11:16:45.883965 UTC,32.085268,34.777064,0,[]
2019-01-10 11:16:45.883965 UTC,32.081844,34.777613,0,[]
2019-01-10 11:16:45.883965 UTC,32.090151,34.783455,0,[]
2019-01-10 11:16:45.883965 UTC,32.093777,34.783564,0,[]
2019-01-10 11:16:45.883965 UTC,32.089591,34.773092,0,[]
2019-01-10 11:16:45.883965 UTC,32.083389,34.769872,0,[]
2019-01-10 11:16:45.883965 UTC,32.076339,34.78686,0,[]
2019-01-10 11:16:45.883965 UTC,32.08829,34.794266,0,[]
2019-01-10 11:16:45.883965 UTC,32.080801,34.768594,0,[]
2019-01-10 11:16:45.883965 UTC,32.093232,34.791399,0,[]
2019-01-10 11:16:45.883965 UTC,32.094614,34.798612,0,[]
2019-01-10 11:16:45.883965 UTC,32.110047,34.79029,0,[]
2019-01-10 11:16:45.883965 UTC,32.062158,34.764832,0,[]
2019-01-10 11:16:45.883965 UTC,32.124,34.7917,0,[]
2019-01-10 11:16:45.883965 UTC,32.09727,34.77644,1,[175]
2019-01-10 11:16:45.883965 UTC,32.0966,34.7738,1,[194]
2019-01-10 11:16:45.883965 UTC,32.075637,34.766552,1,[11]
2019-01-10 11:16:45.883965 UTC,32.058597,34.8004,1,[251]
2019-01-10 11:16:45.883965 UTC,32.055198,34.757884,1,[202]
2019-01-10 11:16:45.883965 UTC,32.053555,34.753245,1,[54]
2019-01-10 11:16:45.883965 UTC,32.044725,34.767288,1,[168]
2019-01-10 11:16:45.883965 UTC,32.111635,34.838763,1,[105]
"2019-01-10 11:16:45.883965 UTC,32.073391,34.778651,2,""[128, 179]"""
"2019-01-10 11:16:45.883965 UTC,32.0625,34.781,2,""[92, 249]"""
"2019-01-10 11:16:45.883965 UTC,32.107998,34.802707,2,""[240, 245]"""
"2019-01-10 11:16:45.883965 UTC,32.047511,34.759492,2,""[103, 241]"""
"2019-01-10 11:16:45.883965 UTC,32.117818,34.839188,2,""[43, 79]"""
"2019-01-10 11:16:45.883965 UTC,32.0369,34.7625,4,""[145, 151, 207, 214]"""
2019-01-10 10:03:51.118402 UTC,32.07267,34.76476,1,[191]
2019-01-10 10:03:51.118402 UTC,32.11078,34.80081,1,[107]
2019-01-10 10:03:51.118402 UTC,32.05105,34.78168,1,[46]
2019-01-10 10:03:51.118402 UTC,32.04349,34.78069,1,[53]
2019-01-10 10:03:51.118402 UTC,32.12132,34.81993,1,[31]
2019-01-10 10:03:51.118402 UTC,32.12286,34.82585,1,[205]
2019-01-10 10:03:51.118402 UTC,32.13756,34.79124,1,[220]
2019-01-10 10:03:51.118402 UTC,32.03049,34.74791,1,[121]
"2019-01-10 10:03:51.118402 UTC,32.05858,34.77879,2,""[201, 227]"""
"2019-01-10 10:03:51.118402 UTC,32.03985,34.77473,2,""[88, 102]"""
2019-01-10 10:03:51.118402 UTC,32.083,34.7806,0,[]
2019-01-10 10:03:51.118402 UTC,32.087613,34.784496,0,[]
2019-01-10 10:03:51.118402 UTC,32.089715,34.779953,0,[]
2019-01-10 10:03:51.118402 UTC,32.088814,34.777784,0,[]
2019-01-10 10:03:51.118402 UTC,32.093777,34.783564,0,[]
2019-01-10 10:03:51.118402 UTC,32.0756,34.7849,0,[]
2019-01-10 10:03:51.118402 UTC,32.07947,34.770709,0,[]
2019-01-10 10:03:51.118402 UTC,32.072537,34.784071,0,[]
2019-01-10 10:03:51.118402 UTC,32.098603,34.778565,0,[]
2019-01-10 10:03:51.118402 UTC,32.09976,34.783898,0,[]
2019-01-10 10:03:51.118402 UTC,32.09478,34.79728,0,[]
2019-01-10 10:03:51.118402 UTC,32.073687,34.765448,0,[]
2019-01-10 10:03:51.118402 UTC,32.1021,34.7892,0,[]
2019-01-10 10:03:51.118402 UTC,32.067037,34.767475,0,[]
2019-01-10 10:03:51.118402 UTC,32.067618,34.797781,0,[]
2019-01-10 10:03:51.118402 UTC,32.114591,34.791377,0,[]
2019-01-10 10:03:51.118402 UTC,32.051976,34.764434,0,[]
2019-01-10 10:03:51.118402 UTC,32.143248,34.79234,0,[]
2019-01-10 10:03:51.118402 UTC,32.089229,34.786514,1,[250]
2019-01-10 10:03:51.118402 UTC,32.079074,34.783401,1,[89]
2019-01-10 10:03:51.118402 UTC,32.091821,34.773057,1,[269]
2019-01-10 10:03:51.118402 UTC,32.07669,34.772553,1,[119]
2019-01-10 10:03:51.118402 UTC,32.11185,34.81209,1,[29]
2019-01-10 10:03:51.118402 UTC,32.050298,34.757023,1,[235]
2019-01-10 10:03:51.118402 UTC,32.10781,34.83784,1,[153]
"2019-01-10 10:03:51.118402 UTC,32.081213,34.79171,2,""[182, 190]"""
"2019-01-10 10:03:51.118402 UTC,32.0887,34.7969,2,""[41, 70]"""
2019-01-10 10:41:21.466869 UTC,32.08457,34.79441,1,[81]
2019-01-10 10:41:21.466869 UTC,32.06566,34.79602,1,[268]
2019-01-10 10:41:21.466869 UTC,32.06465,34.80322,1,[106]
2019-01-10 10:41:21.466869 UTC,32.06124,34.76274,1,[236]
2019-01-10 10:41:21.466869 UTC,32.04871,34.79949,1,[189]
2019-01-10 10:41:21.466869 UTC,32.10951,34.82195,1,[199]
2019-01-10 10:41:21.466869 UTC,32.10934,34.82388,1,[80]
2019-01-10 10:41:21.466869 UTC,32.12883,34.79474,1,[173]
2019-01-10 10:41:21.466869 UTC,32.12436,34.83043,1,[90]
2019-01-10 10:41:21.466869 UTC,32.084954,34.78357,0,[]
2019-01-10 10:41:21.466869 UTC,32.083175,34.776552,0,[]
2019-01-10 10:41:21.466869 UTC,32.093777,34.783564,0,[]
2019-01-10 10:41:21.466869 UTC,32.09511,34.77792,0,[]
2019-01-10 10:41:21.466869 UTC,32.099643,34.785669,0,[]
2019-01-10 10:41:21.466869 UTC,32.075637,34.766552,0,[]
2019-01-10 10:41:21.466869 UTC,32.074684,34.798119,0,[]
2019-01-10 10:41:21.466869 UTC,32.054265,34.78285,0,[]
2019-01-10 10:41:21.466869 UTC,32.054935,34.760619,0,[]
2019-01-10 10:41:21.466869 UTC,32.053587,34.755045,0,[]
2019-01-10 10:41:21.466869 UTC,32.107032,34.821409,0,[]
2019-01-10 10:41:21.466869 UTC,32.041052,34.769815,0,[]
2019-01-10 10:41:21.466869 UTC,32.113723,34.82452,0,[]
2019-01-10 10:41:21.466869 UTC,32.035393,34.75873,0,[]
2019-01-10 10:41:21.466869 UTC,32.072323,34.790555,1,[20]
2019-01-10 10:41:21.466869 UTC,32.078621,34.797969,1,[57]
2019-01-10 10:41:21.466869 UTC,32.068993,34.782176,1,[247]
2019-01-10 10:41:21.466869 UTC,32.058374,34.775729,1,[200]
2019-01-10 10:41:21.466869 UTC,32.051976,34.764434,1,[187]
"2019-01-10 10:41:21.466869 UTC,32.06119,34.78355,2,""[14, 203]"""
"2019-01-10 10:41:21.466869 UTC,32.113114,34.807582,2,""[1, 192]"""
"2019-01-10 10:41:21.466869 UTC,32.1097,34.8408,3,""[104, 162, 243]"""
2019-01-10 10:41:21.466869 UTC,32.104012,34.810347,0,[]
2019-01-10 10:41:21.466869 UTC,32.1059,34.8134,0,[]
2019-01-10 10:37:11.643932 UTC,32.09629,34.7915,1,[130]
2019-01-10 10:37:11.643932 UTC,32.06502,34.77099,1,[118]
2019-01-10 10:37:11.643932 UTC,32.06217,34.77699,1,[94]
2019-01-10 10:37:11.643932 UTC,32.05107,34.77586,1,[63]
2019-01-10 10:37:11.643932 UTC,32.11237,34.8225,1,[73]
2019-01-10 10:37:11.643932 UTC,32.12286,34.82585,1,[205]
2019-01-10 10:37:11.643932 UTC,32.080738,34.77968,0,[]
2019-01-10 10:37:11.643932 UTC,32.090151,34.783455,0,[]
2019-01-10 10:37:11.643932 UTC,32.09019,34.778027,0,[]
2019-01-10 10:37:11.643932 UTC,32.08855,34.788687,0,[]
2019-01-10 10:37:11.643932 UTC,32.07837,34.78253,0,[]
2019-01-10 10:37:11.643932 UTC,32.093463,34.778592,0,[]
2019-01-10 10:37:11.643932 UTC,32.093871,34.785879,0,[]
2019-01-10 10:37:11.643932 UTC,32.0756,34.7849,0,[]
2019-01-10 10:37:11.643932 UTC,32.094177,34.775399,0,[]
2019-01-10 10:37:11.643932 UTC,32.098603,34.778565,0,[]
2019-01-10 10:37:11.643932 UTC,32.073063,34.771625,0,[]
2019-01-10 10:37:11.643932 UTC,32.069815,34.795398,0,[]
2019-01-10 10:37:11.643932 UTC,32.069777,34.766401,0,[]
2019-01-10 10:37:11.643932 UTC,32.057382,34.767238,0,[]
2019-01-10 10:37:11.643932 UTC,32.056237,34.769956,0,[]
2019-01-10 10:37:11.643932 UTC,32.05419,34.79014,0,[]
2019-01-10 10:37:11.643932 UTC,32.041052,34.769815,0,[]
2019-01-10 10:37:11.643932 UTC,32.110506,34.83111,0,[]
2019-01-10 10:37:11.643932 UTC,32.111376,34.837037,0,[]
2019-01-10 10:37:11.643932 UTC,32.127629,34.831681,0,[]
2019-01-10 10:37:11.643932 UTC,32.065732,34.776003,1,[64]
2019-01-10 10:37:11.643932 UTC,32.106566,34.797869,1,[197]
2019-01-10 10:37:11.643932 UTC,32.107753,34.793926,1,[84]
2019-01-10 10:37:11.643932 UTC,32.058374,34.775729,1,[200]
2019-01-10 10:37:11.643932 UTC,32.117448,34.797333,1,[30]
2019-01-10 10:37:11.643932 UTC,32.044725,34.767288,1,[168]
"2019-01-10 10:37:11.643932 UTC,32.081213,34.79171,2,""[182, 190]"""
"2019-01-10 10:37:11.643932 UTC,32.0625,34.781,2,""[92, 249]"""
"2019-01-10 10:37:11.643932 UTC,32.0617,34.7844,2,""[7, 126]"""
"2019-01-10 10:37:11.643932 UTC,32.06119,34.78355,2,""[14, 203]"""
"2019-01-10 10:37:11.643932 UTC,32.1066,34.8043,2,""[24, 77]"""
"2019-01-10 10:37:11.643932 UTC,32.1034,34.8059,4,""[52, 125, 195, 238]"""
2019-01-10 12:44:15.838776 UTC,32.06217,34.77699,1,[94]
2019-01-10 12:44:15.838776 UTC,32.06565,34.76645,1,[124]
2019-01-10 12:44:15.838776 UTC,32.10688,34.81755,1,[193]
2019-01-10 12:44:15.838776 UTC,32.04434,34.78131,1,[129]
2019-01-10 12:44:15.838776 UTC,32.0451,34.77424,1,[221]
2019-01-10 12:44:15.838776 UTC,32.11679,34.81491,1,[109]
2019-01-10 12:44:15.838776 UTC,32.04413,34.79934,1,[256]
2019-01-10 12:44:15.838776 UTC,32.11234,34.82253,1,[73]
2019-01-10 12:44:15.838776 UTC,32.12883,34.79474,1,[173]
2019-01-10 12:44:15.838776 UTC,32.11237,34.82399,1,[261]
2019-01-10 12:44:15.838776 UTC,32.11726,34.83989,1,[243]
2019-01-10 12:44:15.838776 UTC,32.085268,34.777064,0,[]
2019-01-10 12:44:15.838776 UTC,32.088814,34.777784,0,[]
2019-01-10 12:44:15.838776 UTC,32.09019,34.778027,0,[]
2019-01-10 12:44:15.838776 UTC,32.080572,34.788038,0,[]
2019-01-10 12:44:15.838776 UTC,32.087199,34.772954,0,[]
2019-01-10 12:44:15.838776 UTC,32.093871,34.785879,0,[]
2019-01-10 12:44:15.838776 UTC,32.091821,34.773057,0,[]
2019-01-10 12:44:15.838776 UTC,32.078621,34.797969,0,[]
2019-01-10 12:44:15.838776 UTC,32.0755,34.8014,0,[]
2019-01-10 12:44:15.838776 UTC,32.1049,34.7892,0,[]
2019-01-10 12:44:15.838776 UTC,32.057382,34.767238,0,[]
2019-01-10 12:44:15.838776 UTC,32.051976,34.764434,0,[]
2019-01-10 12:44:15.838776 UTC,32.04795,34.778063,0,[]
2019-01-10 12:44:15.838776 UTC,32.04409,34.80421,0,[]
2019-01-10 12:44:15.838776 UTC,32.111376,34.837037,0,[]
2019-01-10 12:44:15.838776 UTC,32.095524,34.773635,1,[13]
2019-01-10 12:44:15.838776 UTC,32.066954,34.772503,1,[49]
2019-01-10 12:44:15.838776 UTC,32.114591,34.791377,1,[254]
"2019-01-10 12:44:15.838776 UTC,32.068638,34.777958,2,""[98, 149]"""
"2019-01-10 12:44:15.838776 UTC,32.0617,34.7844,2,""[7, 96]"""
2019-01-10 12:44:15.838776 UTC,32.0989,34.778,0,[]
2019-01-10 12:44:15.838776 UTC,32.10379,34.809804,0,[]
2019-01-10 10:08:00.764132 UTC,32.05887,34.77475,1,[164]
2019-01-10 10:08:00.764132 UTC,32.11897,34.80682,1,[144]
2019-01-10 10:08:00.764132 UTC,32.0451,34.77424,1,[221]
2019-01-10 10:08:00.764132 UTC,32.12132,34.82221,1,[71]
2019-01-10 10:08:00.764132 UTC,32.11036,34.83259,1,[264]
2019-01-10 10:08:00.764132 UTC,32.12156,34.8326,1,[170]
"2019-01-10 10:08:00.764132 UTC,32.05858,34.77879,2,""[201, 227]"""
2019-01-10 10:08:00.764132 UTC,32.09019,34.778027,0,[]
2019-01-10 10:08:00.764132 UTC,32.093463,34.778592,0,[]
2019-01-10 10:08:00.764132 UTC,32.0756,34.7849,0,[]
2019-01-10 10:08:00.764132 UTC,32.076339,34.78686,0,[]
2019-01-10 10:08:00.764132 UTC,32.075488,34.779795,0,[]
2019-01-10 10:08:00.764132 UTC,32.07947,34.770709,0,[]
2019-01-10 10:08:00.764132 UTC,32.073391,34.778651,0,[]
2019-01-10 10:08:00.764132 UTC,32.0986,34.7884,0,[]
2019-01-10 10:08:00.764132 UTC,32.070599,34.776225,0,[]
2019-01-10 10:08:00.764132 UTC,32.096792,34.797362,0,[]
2019-01-10 10:08:00.764132 UTC,32.065721,34.776917,0,[]
2019-01-10 10:08:00.764132 UTC,32.055046,34.767713,0,[]
2019-01-10 10:08:00.764132 UTC,32.0502,34.7986,0,[]
2019-01-10 10:08:00.764132 UTC,32.125093,34.801667,0,[]
2019-01-10 10:08:00.764132 UTC,32.130074,34.791931,0,[]
2019-01-10 10:08:00.764132 UTC,32.113723,34.82452,0,[]
2019-01-10 10:08:00.764132 UTC,32.03761,34.751066,0,[]
2019-01-10 10:08:00.764132 UTC,32.091177,34.790288,1,[134]
2019-01-10 10:08:00.764132 UTC,32.072323,34.790555,1,[20]
2019-01-10 10:08:00.764132 UTC,32.072,34.7911,1,[152]
2019-01-10 10:08:00.764132 UTC,32.066956,34.793493,1,[50]
2019-01-10 10:08:00.764132 UTC,32.107158,34.802274,1,[138]
2019-01-10 10:08:00.764132 UTC,32.061358,34.761935,1,[209]
2019-01-10 10:08:00.764132 UTC,32.11185,34.81209,1,[29]
"2019-01-10 10:08:00.764132 UTC,32.080801,34.768594,2,""[229, 254]"""
"2019-01-10 10:08:00.764132 UTC,32.0617,34.7844,2,""[7, 126]"""
2019-01-10 10:08:00.764132 UTC,32.055602,34.783771,0,[]
2019-01-10 10:08:00.764132 UTC,32.06036,34.76154,1,[244]
2019-01-10 09:11:48.173801 UTC,32.07724,34.78132,1,[149]
2019-01-10 09:11:48.173801 UTC,32.0951,34.77635,1,[67]
2019-01-10 09:11:48.173801 UTC,32.06566,34.79602,1,[268]
2019-01-10 09:11:48.173801 UTC,32.11584,34.79976,1,[30]
2019-01-10 09:11:48.173801 UTC,32.05223,34.76567,1,[128]
2019-01-10 09:11:48.173801 UTC,32.04434,34.78131,1,[129]
2019-01-10 09:11:48.173801 UTC,32.04451,34.79699,1,[93]
2019-01-10 09:11:48.173801 UTC,32.04223,34.7742,1,[72]
2019-01-10 09:11:48.173801 UTC,32.04786,34.80916,1,[9]
2019-01-10 09:11:48.173801 UTC,32.12154,34.81392,1,[177]
2019-01-10 09:11:48.173801 UTC,32.1314,34.79336,1,[183]
2019-01-10 09:11:48.173801 UTC,32.12193,34.82301,1,[45]
2019-01-10 09:11:48.173801 UTC,32.12369,34.83226,1,[22]
2019-01-10 09:11:48.173801 UTC,32.14288,34.79361,1,[75]
2019-01-10 09:11:48.173801 UTC,32.086838,34.78117,0,[]
2019-01-10 09:11:48.173801 UTC,32.089715,34.779953,0,[]
2019-01-10 09:11:48.173801 UTC,32.088379,34.775111,0,[]
2019-01-10 09:11:48.173801 UTC,32.091512,34.783599,0,[]
2019-01-10 09:11:48.173801 UTC,32.093315,34.784909,0,[]
2019-01-10 09:11:48.173801 UTC,32.07896,34.773268,0,[]
2019-01-10 09:11:48.173801 UTC,32.083968,34.771001,0,[]
2019-01-10 09:11:48.173801 UTC,32.093871,34.785879,0,[]
2019-01-10 09:11:48.173801 UTC,32.07947,34.770709,0,[]
2019-01-10 09:11:48.173801 UTC,32.096128,34.790745,0,[]
2019-01-10 09:11:48.173801 UTC,32.074182,34.769797,0,[]
2019-01-10 09:11:48.173801 UTC,32.068638,34.777958,0,[]
2019-01-10 09:11:48.173801 UTC,32.066739,34.782168,0,[]
2019-01-10 09:11:48.173801 UTC,32.06645,34.786325,0,[]
2019-01-10 09:11:48.173801 UTC,32.067507,34.768924,0,[]
2019-01-10 09:11:48.173801 UTC,32.062146,34.790668,0,[]
2019-01-10 09:11:48.173801 UTC,32.1059,34.8134,0,[]
2019-01-10 09:11:48.173801 UTC,32.04795,34.778063,0,[]
2019-01-10 09:11:48.173801 UTC,32.051513,34.749902,0,[]
2019-01-10 09:11:48.173801 UTC,32.1243,34.8028,0,[]
2019-01-10 09:11:48.173801 UTC,32.125093,34.801667,0,[]
2019-01-10 09:11:48.173801 UTC,32.046576,34.759767,0,[]
2019-01-10 09:11:48.173801 UTC,32.127629,34.831681,0,[]
2019-01-10 09:11:48.173801 UTC,32.107158,34.802274,1,[138]
2019-01-10 09:11:48.173801 UTC,32.053587,34.755045,1,[188]
2019-01-10 09:11:48.173801 UTC,32.139294,34.792075,1,[25]
"2019-01-10 09:11:48.173801 UTC,32.1066,34.8043,2,""[24, 77]"""
2019-01-10 09:11:48.173801 UTC,32.056145,34.781402,0,[]
2019-01-10 09:11:48.173801 UTC,32.117448,34.797333,0,[]
2019-01-10 09:11:48.173801 UTC,32.035393,34.75873,0,[]
"2019-01-10 09:11:48.173801 UTC,32.113114,34.807582,2,""[1, 192]"""
"2019-01-10 09:11:48.173801 UTC,32.114,34.8188,2,""[213, 259]"""
2019-01-10 12:15:03.425963 UTC,32.09293,34.78237,1,[204]
2019-01-10 12:15:03.425963 UTC,32.0925,34.7874,1,[130]
2019-01-10 12:15:03.425963 UTC,32.06568,34.79612,1,[268]
2019-01-10 12:15:03.425963 UTC,32.05869,34.78175,1,[219]
2019-01-10 12:15:03.425963 UTC,32.11035,34.79077,1,[114]
2019-01-10 12:15:03.425963 UTC,32.05978,34.81034,1,[180]
2019-01-10 12:15:03.425963 UTC,32.04455,34.79702,1,[93]
2019-01-10 12:15:03.425963 UTC,32.13626,34.79693,1,[266]
2019-01-10 12:15:03.425963 UTC,32.03049,34.74791,1,[121]
"2019-01-10 12:15:03.425963 UTC,32.05858,34.77879,2,""[201, 227]"""
"2019-01-10 12:15:03.425963 UTC,32.12447,34.83031,2,""[23, 90]"""
2019-01-10 12:15:03.425963 UTC,32.087613,34.784496,0,[]
2019-01-10 12:15:03.425963 UTC,32.089715,34.779953,0,[]
2019-01-10 12:15:03.425963 UTC,32.086848,34.788229,0,[]
2019-01-10 12:15:03.425963 UTC,32.09019,34.778027,0,[]
2019-01-10 12:15:03.425963 UTC,32.08829,34.794266,0,[]
2019-01-10 12:15:03.425963 UTC,32.066829,34.783039,0,[]
2019-01-10 12:15:03.425963 UTC,32.070423,34.794824,0,[]
2019-01-10 12:15:03.425963 UTC,32.06645,34.786325,0,[]
2019-01-10 12:15:03.425963 UTC,32.059834,34.772457,0,[]
2019-01-10 12:15:03.425963 UTC,32.0572,34.791699,0,[]
2019-01-10 12:15:03.425963 UTC,32.061358,34.761935,0,[]
2019-01-10 12:15:03.425963 UTC,32.056237,34.769956,0,[]
2019-01-10 12:15:03.425963 UTC,32.116455,34.787799,0,[]
2019-01-10 12:15:03.425963 UTC,32.050287,34.752289,0,[]
2019-01-10 12:15:03.425963 UTC,32.041052,34.769815,0,[]
2019-01-10 12:15:03.425963 UTC,32.127629,34.831681,0,[]
2019-01-10 12:15:03.425963 UTC,32.072537,34.784071,1,[211]
2019-01-10 12:15:03.425963 UTC,32.072323,34.790555,1,[26]
2019-01-10 12:15:03.425963 UTC,32.066739,34.782168,1,[171]
2019-01-10 12:15:03.425963 UTC,32.0625,34.781,1,[92]
2019-01-10 12:15:03.425963 UTC,32.107998,34.802707,1,[245]
2019-01-10 12:15:03.425963 UTC,32.050298,34.757023,1,[235]
2019-01-10 12:15:03.425963 UTC,32.044725,34.767288,1,[168]
2019-01-10 12:15:03.425963 UTC,32.114,34.8188,1,[213]
"2019-01-10 12:15:03.425963 UTC,32.06119,34.78355,2,""[14, 203]"""
"2019-01-10 12:15:03.425963 UTC,32.117818,34.839188,2,""[43, 79]"""
2019-01-10 12:15:03.425963 UTC,32.055602,34.783771,0,[]
"2019-01-10 12:15:03.425963 UTC,32.06036,34.76154,2,""[70, 244]"""
"2019-01-10 12:15:03.425963 UTC,32.0849,34.7966,3,""[69, 115, 120]"""
2019-01-10 12:17:08.34314 UTC,32.0936,34.78418,1,[240]
2019-01-10 12:17:08.34314 UTC,32.0667,34.77728,1,[62]
2019-01-10 12:17:08.34314 UTC,32.06217,34.77699,1,[94]
2019-01-10 12:17:08.34314 UTC,32.10566,34.79446,1,[138]
2019-01-10 12:17:08.34314 UTC,32.10705,34.79803,1,[112]
2019-01-10 12:17:08.34314 UTC,32.10938,34.79571,1,[183]
2019-01-10 12:17:08.34314 UTC,32.11972,34.79556,1,[11]
2019-01-10 12:17:08.34314 UTC,32.11897,34.80684,1,[144]
2019-01-10 12:17:08.34314 UTC,32.04156,34.77128,1,[160]
2019-01-10 12:17:08.34314 UTC,32.11921,34.8201,1,[40]
2019-01-10 12:17:08.34314 UTC,32.12373,34.81346,1,[210]
2019-01-10 12:17:08.34314 UTC,32.12156,34.83265,1,[170]
2019-01-10 12:17:08.34314 UTC,32.084954,34.78357,0,[]
2019-01-10 12:17:08.34314 UTC,32.083175,34.776552,0,[]
2019-01-10 12:17:08.34314 UTC,32.089229,34.786514,0,[]
2019-01-10 12:17:08.34314 UTC,32.091512,34.783599,0,[]
2019-01-10 12:17:08.34314 UTC,32.080572,34.788038,0,[]
2019-01-10 12:17:08.34314 UTC,32.093315,34.784909,0,[]
2019-01-10 12:17:08.34314 UTC,32.076125,34.776436,0,[]
2019-01-10 12:17:08.34314 UTC,32.102224,34.785543,0,[]
2019-01-10 12:17:08.34314 UTC,32.0755,34.8014,0,[]
2019-01-10 12:17:08.34314 UTC,32.06645,34.786325,0,[]
2019-01-10 12:17:08.34314 UTC,32.05318,34.79927,0,[]
2019-01-10 12:17:08.34314 UTC,32.053587,34.755045,0,[]
2019-01-10 12:17:08.34314 UTC,32.0625,34.781,1,[92]
2019-01-10 12:17:08.34314 UTC,32.12047,34.800318,1,[262]
2019-01-10 12:17:08.34314 UTC,32.107238,34.83433,1,[223]
"2019-01-10 12:17:08.34314 UTC,32.117818,34.839188,2,""[43, 79]"""
2019-01-10 12:17:08.34314 UTC,32.041052,34.769815,0,[]
"2019-01-10 12:17:08.34314 UTC,32.1034,34.8059,5,""[125, 195, 222, 238, 264]"""
2019-01-10 12:42:10.963106 UTC,32.09219,34.77728,1,[103]
2019-01-10 12:42:10.963106 UTC,32.09361,34.78418,1,[240]
2019-01-10 12:42:10.963106 UTC,32.05869,34.78175,1,[219]
2019-01-10 12:42:10.963106 UTC,32.10936,34.7957,1,[183]
2019-01-10 12:42:10.963106 UTC,32.05978,34.81034,1,[180]
2019-01-10 12:42:10.963106 UTC,32.05285,34.76035,1,[95]
2019-01-10 12:42:10.963106 UTC,32.04786,34.80921,1,[9]
2019-01-10 12:42:10.963106 UTC,32.04367,34.75321,1,[3]
2019-01-10 12:42:10.963106 UTC,32.11954,34.8294,1,[259]
2019-01-10 12:42:10.963106 UTC,32.08437,34.774964,0,[]
2019-01-10 12:42:10.963106 UTC,32.08855,34.788687,0,[]
2019-01-10 12:42:10.963106 UTC,32.0809,34.7887,0,[]
2019-01-10 12:42:10.963106 UTC,32.0919,34.7822,0,[]
2019-01-10 12:42:10.963106 UTC,32.079825,34.77445,0,[]
2019-01-10 12:42:10.963106 UTC,32.077777,34.778636,0,[]
2019-01-10 12:42:10.963106 UTC,32.0887,34.7969,0,[]
2019-01-10 12:42:10.963106 UTC,32.06645,34.786325,0,[]
2019-01-10 12:42:10.963106 UTC,32.067507,34.768924,0,[]
2019-01-10 12:42:10.963106 UTC,32.062146,34.790668,0,[]
2019-01-10 12:42:10.963106 UTC,32.068052,34.802363,0,[]
2019-01-10 12:42:10.963106 UTC,32.110047,34.79029,0,[]
2019-01-10 12:42:10.963106 UTC,32.062158,34.764832,0,[]
2019-01-10 12:42:10.963106 UTC,32.061358,34.761935,0,[]
2019-01-10 12:42:10.963106 UTC,32.057609,34.7643,0,[]
2019-01-10 12:42:10.963106 UTC,32.119821,34.821159,0,[]
2019-01-10 12:42:10.963106 UTC,32.047511,34.759492,1,[241]
2019-01-10 12:42:10.963106 UTC,32.110506,34.83111,1,[257]
"2019-01-10 12:42:10.963106 UTC,32.0736,34.7843,2,""[80, 146]"""
"2019-01-10 12:42:10.963106 UTC,32.066829,34.783039,2,""[67, 117]"""
"2019-01-10 12:42:10.963106 UTC,32.062973,34.776415,2,""[122, 231]"""
"2019-01-10 12:42:10.963106 UTC,32.099643,34.785669,3,""[226, 234, 249]"""
2019-01-10 10:28:51.956756 UTC,32.08879,34.79467,1,[143]
2019-01-10 10:28:51.956756 UTC,32.06074,34.798,1,[32]
2019-01-10 10:28:51.956756 UTC,32.10767,34.81178,1,[65]
2019-01-10 10:28:51.956756 UTC,32.0528,34.76092,1,[176]
2019-01-10 10:28:51.956756 UTC,32.11115,34.81262,1,[163]
2019-01-10 10:28:51.956756 UTC,32.10688,34.81755,1,[193]
2019-01-10 10:28:51.956756 UTC,32.11897,34.80682,1,[144]
2019-01-10 10:28:51.956756 UTC,32.12261,34.81742,1,[36]
2019-01-10 10:28:51.956756 UTC,32.12132,34.82221,1,[71]
2019-01-10 10:28:51.956756 UTC,32.11036,34.83259,1,[264]
2019-01-10 10:28:51.956756 UTC,32.13547,34.79706,1,[215]
2019-01-10 10:28:51.956756 UTC,32.12286,34.82585,1,[205]
2019-01-10 10:28:51.956756 UTC,32.086521,34.779746,0,[]
2019-01-10 10:28:51.956756 UTC,32.083701,34.785538,0,[]
2019-01-10 10:28:51.956756 UTC,32.091512,34.783599,0,[]
2019-01-10 10:28:51.956756 UTC,32.079462,34.776901,0,[]
2019-01-10 10:28:51.956756 UTC,32.079221,34.788357,0,[]
2019-01-10 10:28:51.956756 UTC,32.093315,34.784909,0,[]
2019-01-10 10:28:51.956756 UTC,32.098603,34.778565,0,[]
2019-01-10 10:28:51.956756 UTC,32.076318,34.767295,0,[]
2019-01-10 10:28:51.956756 UTC,32.069777,34.766401,0,[]
2019-01-10 10:28:51.956756 UTC,32.051513,34.749902,0,[]
2019-01-10 10:28:51.956756 UTC,32.035393,34.75873,0,[]
2019-01-10 10:28:51.956756 UTC,32.072323,34.790555,1,[20]
2019-01-10 10:28:51.956756 UTC,32.072,34.7911,1,[152]
2019-01-10 10:28:51.956756 UTC,32.065721,34.776917,1,[237]
2019-01-10 10:28:51.956756 UTC,32.069981,34.763805,1,[165]
2019-01-10 10:28:51.956756 UTC,32.107753,34.793926,1,[84]
2019-01-10 10:28:51.956756 UTC,32.055198,34.757884,1,[202]
2019-01-10 10:28:51.956756 UTC,32.055719,34.756039,1,[255]
2019-01-10 10:28:51.956756 UTC,32.10781,34.83784,1,[153]
"2019-01-10 10:28:51.956756 UTC,32.0625,34.781,2,""[92, 249]"""
"2019-01-10 10:28:51.956756 UTC,32.139294,34.792075,2,""[25, 135]"""
"2019-01-10 10:28:51.956756 UTC,32.106567,34.832598,3,""[18, 230, 248]"""
2019-01-10 10:28:51.956756 UTC,32.099246,34.781252,0,[]
2019-01-10 10:28:51.956756 UTC,32.104012,34.810347,0,[]
2019-01-10 12:27:33.105647 UTC,32.08451,34.79443,1,[81]
2019-01-10 12:27:33.105647 UTC,32.0743,34.7822,1,[208]
2019-01-10 12:27:33.105647 UTC,32.05978,34.81034,1,[180]
2019-01-10 12:27:33.105647 UTC,32.04349,34.78069,1,[53]
2019-01-10 12:27:33.105647 UTC,32.11234,34.82253,1,[73]
2019-01-10 12:27:33.105647 UTC,32.12132,34.81993,1,[31]
2019-01-10 12:27:33.105647 UTC,32.10989,34.83495,1,[137]
2019-01-10 12:27:33.105647 UTC,32.10989,34.83582,1,[154]
2019-01-10 12:27:33.105647 UTC,32.13626,34.79693,1,[266]
2019-01-10 12:27:33.105647 UTC,32.082109,34.781687,0,[]
2019-01-10 12:27:33.105647 UTC,32.083,34.7806,0,[]
2019-01-10 12:27:33.105647 UTC,32.07837,34.78253,0,[]
2019-01-10 12:27:33.105647 UTC,32.091821,34.773057,0,[]
2019-01-10 12:27:33.105647 UTC,32.080018,34.76889,0,[]
2019-01-10 12:27:33.105647 UTC,32.076318,34.767295,0,[]
2019-01-10 12:27:33.105647 UTC,32.0698,34.7913,0,[]
2019-01-10 12:27:33.105647 UTC,32.067507,34.768924,0,[]
2019-01-10 12:27:33.105647 UTC,32.107158,34.802274,0,[]
2019-01-10 12:27:33.105647 UTC,32.05419,34.79014,0,[]
2019-01-10 12:27:33.105647 UTC,32.051976,34.764434,0,[]
2019-01-10 12:27:33.105647 UTC,32.041052,34.769815,0,[]
2019-01-10 12:27:33.105647 UTC,32.113723,34.82452,0,[]
2019-01-10 12:27:33.105647 UTC,32.122292,34.818229,0,[]
2019-01-10 12:27:33.105647 UTC,32.111376,34.837037,0,[]
2019-01-10 12:27:33.105647 UTC,32.143248,34.79234,0,[]
2019-01-10 12:27:33.105647 UTC,32.093777,34.783564,1,[218]
2019-01-10 12:27:33.105647 UTC,32.095524,34.773635,1,[13]
2019-01-10 12:27:33.105647 UTC,32.074877,34.773515,1,[229]
2019-01-10 12:27:33.105647 UTC,32.050787,34.771715,1,[272]
2019-01-10 12:27:33.105647 UTC,32.120495,34.7926,1,[166]
2019-01-10 12:27:33.105647 UTC,32.12047,34.800318,1,[262]
2019-01-10 12:27:33.105647 UTC,32.046576,34.759767,1,[100]
2019-01-10 12:27:33.105647 UTC,32.107238,34.83433,1,[223]
2019-01-10 12:27:33.105647 UTC,32.109027,34.836621,1,[55]
"2019-01-10 12:27:33.105647 UTC,32.073391,34.778651,2,""[128, 179]"""
"2019-01-10 12:27:33.105647 UTC,32.06119,34.78355,2,""[14, 203]"""
"2019-01-10 12:27:33.105647 UTC,32.113114,34.807582,2,""[1, 192]"""
"2019-01-10 12:27:33.105647 UTC,32.1097,34.8408,2,""[104, 162]"""
2019-01-10 12:27:33.105647 UTC,32.099246,34.781252,0,[]
2019-01-10 12:27:33.105647 UTC,32.055602,34.783771,0,[]
2019-01-10 09:13:53.222656 UTC,32.06074,34.798,1,[32]
2019-01-10 09:13:53.222656 UTC,32.05696,34.78135,1,[159]
2019-01-10 09:13:53.222656 UTC,32.11897,34.80682,1,[144]
2019-01-10 09:13:53.222656 UTC,32.04349,34.78069,1,[53]
2019-01-10 09:13:53.222656 UTC,32.10963,34.82212,1,[51]
2019-01-10 09:13:53.222656 UTC,32.12883,34.79474,1,[173]
2019-01-10 09:13:53.222656 UTC,32.12384,34.81184,1,[172]
2019-01-10 09:13:53.222656 UTC,32.11792,34.8355,1,[59]
"2019-01-10 09:13:53.222656 UTC,32.03028,34.74837,3,""[60, 121, 174]"""
2019-01-10 09:13:53.222656 UTC,32.087613,34.784496,0,[]
2019-01-10 09:13:53.222656 UTC,32.09019,34.778027,0,[]
2019-01-10 09:13:53.222656 UTC,32.094177,34.775399,0,[]
2019-01-10 09:13:53.222656 UTC,32.096128,34.790745,0,[]
2019-01-10 09:13:53.222656 UTC,32.095042,34.792425,0,[]
2019-01-10 09:13:53.222656 UTC,32.072235,34.774545,0,[]
2019-01-10 09:13:53.222656 UTC,32.070599,34.776225,0,[]
2019-01-10 09:13:53.222656 UTC,32.068638,34.777958,0,[]
2019-01-10 09:13:53.222656 UTC,32.073687,34.765448,0,[]
2019-01-10 09:13:53.222656 UTC,32.067507,34.768924,0,[]
2019-01-10 09:13:53.222656 UTC,32.110047,34.79029,0,[]
2019-01-10 09:13:53.222656 UTC,32.114591,34.791377,0,[]
2019-01-10 09:13:53.222656 UTC,32.112999,34.79869,0,[]
2019-01-10 09:13:53.222656 UTC,32.056754,34.760987,0,[]
2019-01-10 09:13:53.222656 UTC,32.109027,34.836621,0,[]
2019-01-10 09:13:53.222656 UTC,32.099246,34.781252,1,[234]
2019-01-10 09:13:53.222656 UTC,32.072,34.7911,1,[152]
2019-01-10 09:13:53.222656 UTC,32.1021,34.7892,1,[226]
2019-01-10 09:13:53.222656 UTC,32.059834,34.772457,1,[120]
2019-01-10 09:13:53.222656 UTC,32.058597,34.8004,1,[251]
2019-01-10 09:13:53.222656 UTC,32.053587,34.755045,1,[188]
"2019-01-10 09:13:53.222656 UTC,32.0625,34.781,3,""[58, 92, 249]"""
2019-01-10 09:13:53.222656 UTC,32.06036,34.76154,1,[244]
2019-01-10 12:02:34.337078 UTC,32.07152,34.77106,1,[229]
2019-01-10 12:02:34.337078 UTC,32.0957,34.79873,1,[66]
2019-01-10 12:02:34.337078 UTC,32.06757,34.79117,1,[198]
2019-01-10 12:02:34.337078 UTC,32.10566,34.79446,1,[138]
2019-01-10 12:02:34.337078 UTC,32.10291,34.80541,1,[78]
2019-01-10 12:02:34.337078 UTC,32.05799,34.77114,1,[107]
2019-01-10 12:02:34.337078 UTC,32.10688,34.81755,1,[193]
2019-01-10 12:02:34.337078 UTC,32.13051,34.79512,1,[108]
2019-01-10 12:02:34.337078 UTC,32.11792,34.8355,1,[59]
"2019-01-10 12:02:34.337078 UTC,32.05858,34.77879,2,""[201, 227]"""
2019-01-10 12:02:34.337078 UTC,32.085268,34.777064,0,[]
2019-01-10 12:02:34.337078 UTC,32.075488,34.779795,0,[]
2019-01-10 12:02:34.337078 UTC,32.07729,34.76644,0,[]
2019-01-10 12:02:34.337078 UTC,32.1021,34.7892,0,[]
2019-01-10 12:02:34.337078 UTC,32.1017,34.7917,0,[]
2019-01-10 12:02:34.337078 UTC,32.06879,34.796905,0,[]
2019-01-10 12:02:34.337078 UTC,32.0572,34.791699,0,[]
2019-01-10 12:02:34.337078 UTC,32.052487,34.756501,0,[]
2019-01-10 12:02:34.337078 UTC,32.125093,34.801667,0,[]
2019-01-10 12:02:34.337078 UTC,32.041052,34.769815,0,[]
2019-01-10 12:02:34.337078 UTC,32.0809,34.7887,1,[217]
2019-01-10 12:02:34.337078 UTC,32.081213,34.79171,1,[190]
2019-01-10 12:02:34.337078 UTC,32.1132,34.7959,1,[68]
2019-01-10 12:02:34.337078 UTC,32.120495,34.7926,1,[166]
2019-01-10 12:02:34.337078 UTC,32.055719,34.756039,1,[255]
"2019-01-10 12:02:34.337078 UTC,32.065721,34.776917,2,""[38, 237]"""
2019-01-10 12:19:13.258029 UTC,32.10133,34.78454,1,[196]
2019-01-10 12:19:13.258029 UTC,32.06533,34.77385,1,[50]
2019-01-10 12:19:13.258029 UTC,32.11035,34.79077,1,[114]
2019-01-10 12:19:13.258029 UTC,32.05299,34.78672,1,[271]
2019-01-10 12:19:13.258029 UTC,32.10688,34.81755,1,[193]
2019-01-10 12:19:13.258029 UTC,32.11234,34.82253,1,[73]
2019-01-10 12:19:13.258029 UTC,32.04786,34.80921,1,[9]
2019-01-10 12:19:13.258029 UTC,32.04413,34.79934,1,[256]
2019-01-10 12:19:13.258029 UTC,32.12193,34.82301,1,[45]
2019-01-10 12:19:13.258029 UTC,32.10989,34.83495,1,[137]
2019-01-10 12:19:13.258029 UTC,32.085268,34.777064,0,[]
2019-01-10 12:19:13.258029 UTC,32.087613,34.784496,0,[]
2019-01-10 12:19:13.258029 UTC,32.07837,34.78253,0,[]
2019-01-10 12:19:13.258029 UTC,32.086678,34.791337,0,[]
2019-01-10 12:19:13.258029 UTC,32.092356,34.774966,0,[]
2019-01-10 12:19:13.258029 UTC,32.083266,34.791986,0,[]
2019-01-10 12:19:13.258029 UTC,32.089773,34.790547,0,[]
2019-01-10 12:19:13.258029 UTC,32.076339,34.78686,0,[]
2019-01-10 12:19:13.258029 UTC,32.094177,34.775399,0,[]
2019-01-10 12:19:13.258029 UTC,32.093232,34.791399,0,[]
2019-01-10 12:19:13.258029 UTC,32.0966,34.7738,0,[]
2019-01-10 12:19:13.258029 UTC,32.098603,34.778565,0,[]
2019-01-10 12:19:13.258029 UTC,32.0986,34.7884,0,[]
2019-01-10 12:19:13.258029 UTC,32.072235,34.774545,0,[]
2019-01-10 12:19:13.258029 UTC,32.078621,34.797969,0,[]
2019-01-10 12:19:13.258029 UTC,32.102224,34.785543,0,[]
2019-01-10 12:19:13.258029 UTC,32.067037,34.767475,0,[]
2019-01-10 12:19:13.258029 UTC,32.064615,34.795787,0,[]
2019-01-10 12:19:13.258029 UTC,32.05318,34.79927,0,[]
2019-01-10 12:19:13.258029 UTC,32.04795,34.778063,0,[]
2019-01-10 12:19:13.258029 UTC,32.111722,34.816493,0,[]
2019-01-10 12:19:13.258029 UTC,32.093777,34.783564,1,[218]
2019-01-10 12:19:13.258029 UTC,32.117448,34.797333,1,[30]
2019-01-10 12:19:13.258029 UTC,32.107238,34.83433,1,[223]
2019-01-10 12:19:13.258029 UTC,32.1138,34.8418,1,[5]
"2019-01-10 12:19:13.258029 UTC,32.06119,34.78355,2,""[14, 203]"""
"2019-01-10 12:19:13.258029 UTC,32.050298,34.757023,2,""[161, 235]"""
2019-01-10 12:19:13.258029 UTC,32.10379,34.809804,0,[]
"2019-01-10 12:19:13.258029 UTC,32.1034,34.8059,5,""[125, 195, 222, 238, 264]"""
2019-01-10 11:52:09.694933 UTC,32.09995,34.78794,1,[182]
2019-01-10 11:52:09.694933 UTC,32.06502,34.77099,1,[118]
2019-01-10 11:52:09.694933 UTC,32.06074,34.798,1,[32]
2019-01-10 11:52:09.694933 UTC,32.05107,34.77586,1,[63]
2019-01-10 11:52:09.694933 UTC,32.11826,34.78907,1,[204]
2019-01-10 11:52:09.694933 UTC,32.04786,34.80921,1,[9]
2019-01-10 11:52:09.694933 UTC,32.11668,34.81999,1,[246]
2019-01-10 11:52:09.694933 UTC,32.04561,34.75093,1,[111]
2019-01-10 11:52:09.694933 UTC,32.12259,34.81741,1,[36]
2019-01-10 11:52:09.694933 UTC,32.12033,34.82437,1,[178]
2019-01-10 11:52:09.694933 UTC,32.14306,34.79729,1,[132]
"2019-01-10 11:52:09.694933 UTC,32.12447,34.83031,2,""[23, 90]"""
"2019-01-10 11:52:09.694933 UTC,32.03025,34.74837,2,""[60, 174]"""
2019-01-10 11:52:09.694933 UTC,32.083701,34.785538,0,[]
2019-01-10 11:52:09.694933 UTC,32.088814,34.777784,0,[]
2019-01-10 11:52:09.694933 UTC,32.080102,34.785962,0,[]
2019-01-10 11:52:09.694933 UTC,32.081666,34.774062,0,[]
2019-01-10 11:52:09.694933 UTC,32.076217,34.771447,0,[]
2019-01-10 11:52:09.694933 UTC,32.098603,34.778565,0,[]
2019-01-10 11:52:09.694933 UTC,32.073063,34.771625,0,[]
2019-01-10 11:52:09.694933 UTC,32.070599,34.776225,0,[]
2019-01-10 11:52:09.694933 UTC,32.0698,34.7913,0,[]
2019-01-10 11:52:09.694933 UTC,32.102224,34.785543,0,[]
2019-01-10 11:52:09.694933 UTC,32.074684,34.798119,0,[]
2019-01-10 11:52:09.694933 UTC,32.068052,34.802363,0,[]
2019-01-10 11:52:09.694933 UTC,32.057609,34.7643,0,[]
2019-01-10 11:52:09.694933 UTC,32.112999,34.79869,0,[]
2019-01-10 11:52:09.694933 UTC,32.053553,34.762797,0,[]
2019-01-10 11:52:09.694933 UTC,32.1243,34.8028,0,[]
2019-01-10 11:52:09.694933 UTC,32.0421,34.779484,0,[]
2019-01-10 11:52:09.694933 UTC,32.072537,34.784071,1,[211]
2019-01-10 11:52:09.694933 UTC,32.073687,34.765448,1,[76]
2019-01-10 11:52:09.694933 UTC,32.1017,34.7917,1,[117]
2019-01-10 11:52:09.694933 UTC,32.066956,34.793493,1,[156]
2019-01-10 11:52:09.694933 UTC,32.046576,34.759767,1,[100]
"2019-01-10 11:52:09.694933 UTC,32.065721,34.776917,2,""[38, 237]"""
"2019-01-10 11:52:09.694933 UTC,32.062973,34.776415,2,""[122, 231]"""
"2019-01-10 11:52:09.694933 UTC,32.0617,34.7844,2,""[7, 96]"""
"2019-01-10 11:52:09.694933 UTC,32.111305,34.807381,2,""[6, 225]"""
2019-01-10 12:04:39.247818 UTC,32.10133,34.78454,1,[196]
2019-01-10 12:04:39.247818 UTC,32.06757,34.79117,1,[198]
2019-01-10 12:04:39.247818 UTC,32.0667,34.77728,1,[62]
2019-01-10 12:04:39.247818 UTC,32.11035,34.79077,1,[114]
2019-01-10 12:04:39.247818 UTC,32.06124,34.76274,1,[236]
2019-01-10 12:04:39.247818 UTC,32.05653,34.77509,1,[4]
2019-01-10 12:04:39.247818 UTC,32.05978,34.81034,1,[180]
2019-01-10 12:04:39.247818 UTC,32.1214,34.79624,1,[52]
2019-01-10 12:04:39.247818 UTC,32.12259,34.81741,1,[36]
2019-01-10 12:04:39.247818 UTC,32.12132,34.82221,1,[71]
2019-01-10 12:04:39.247818 UTC,32.14013,34.7918,1,[212]
2019-01-10 12:04:39.247818 UTC,32.14306,34.79729,1,[132]
2019-01-10 12:04:39.247818 UTC,32.081438,34.776281,0,[]
2019-01-10 12:04:39.247818 UTC,32.08855,34.788687,0,[]
2019-01-10 12:04:39.247818 UTC,32.082191,34.771216,0,[]
2019-01-10 12:04:39.247818 UTC,32.089773,34.790547,0,[]
2019-01-10 12:04:39.247818 UTC,32.076125,34.776436,0,[]
2019-01-10 12:04:39.247818 UTC,32.080801,34.768594,0,[]
2019-01-10 12:04:39.247818 UTC,32.076217,34.771447,0,[]
2019-01-10 12:04:39.247818 UTC,32.073063,34.771625,0,[]
2019-01-10 12:04:39.247818 UTC,32.06645,34.786325,0,[]
2019-01-10 12:04:39.247818 UTC,32.064615,34.795787,0,[]
2019-01-10 12:04:39.247818 UTC,32.04409,34.80421,0,[]
2019-01-10 12:04:39.247818 UTC,32.130074,34.791931,0,[]
2019-01-10 12:04:39.247818 UTC,32.113723,34.82452,0,[]
2019-01-10 12:04:39.247818 UTC,32.122292,34.818229,0,[]
2019-01-10 12:04:39.247818 UTC,32.035393,34.75873,0,[]
2019-01-10 12:04:39.247818 UTC,32.084954,34.78357,1,[20]
2019-01-10 12:04:39.247818 UTC,32.0736,34.7843,1,[146]
2019-01-10 12:04:39.247818 UTC,32.072323,34.790555,1,[26]
2019-01-10 12:04:39.247818 UTC,32.063478,34.781764,1,[148]
2019-01-10 12:04:39.247818 UTC,32.111305,34.807381,1,[6]
2019-01-10 12:04:39.247818 UTC,32.055198,34.757884,1,[202]
2019-01-10 12:04:39.247818 UTC,32.050298,34.757023,1,[235]
2019-01-10 12:04:39.247818 UTC,32.1138,34.8418,1,[5]
"2019-01-10 12:04:39.247818 UTC,32.071247,34.779381,2,""[61, 184]"""
"2019-01-10 12:04:39.247818 UTC,32.099643,34.785669,2,""[226, 249]"""
"2019-01-10 12:04:39.247818 UTC,32.117818,34.839188,2,""[43, 79]"""
2019-01-10 12:04:39.247818 UTC,32.10379,34.809804,0,[]
2019-01-10 12:04:39.247818 UTC,32.116782,34.843358,1,[167]
2019-01-10 10:12:12.721107 UTC,32.08457,34.79441,1,[81]
2019-01-10 10:12:12.721107 UTC,32.10247,34.79177,1,[123]
2019-01-10 10:12:12.721107 UTC,32.06566,34.79602,1,[268]
2019-01-10 10:12:12.721107 UTC,32.06217,34.77699,1,[94]
2019-01-10 10:12:12.721107 UTC,32.06465,34.80322,1,[106]
2019-01-10 10:12:12.721107 UTC,32.06074,34.798,1,[32]
2019-01-10 10:12:12.721107 UTC,32.05299,34.78672,1,[271]
2019-01-10 10:12:12.721107 UTC,32.05105,34.78168,1,[46]
2019-01-10 10:12:12.721107 UTC,32.04413,34.7993,1,[256]
2019-01-10 10:12:12.721107 UTC,32.12883,34.79474,1,[173]
2019-01-10 10:12:12.721107 UTC,32.12384,34.81184,1,[172]
2019-01-10 10:12:12.721107 UTC,32.12261,34.81742,1,[36]
2019-01-10 10:12:12.721107 UTC,32.12156,34.8326,1,[170]
2019-01-10 10:12:12.721107 UTC,32.083,34.7806,0,[]
2019-01-10 10:12:12.721107 UTC,32.082109,34.781687,0,[]
2019-01-10 10:12:12.721107 UTC,32.081438,34.776281,0,[]
2019-01-10 10:12:12.721107 UTC,32.07896,34.773268,0,[]
2019-01-10 10:12:12.721107 UTC,32.076125,34.776436,0,[]
2019-01-10 10:12:12.721107 UTC,32.07947,34.770709,0,[]
2019-01-10 10:12:12.721107 UTC,32.099643,34.785669,0,[]
2019-01-10 10:12:12.721107 UTC,32.068993,34.782176,0,[]
2019-01-10 10:12:12.721107 UTC,32.064615,34.795787,0,[]
2019-01-10 10:12:12.721107 UTC,32.0609,34.7944,0,[]
2019-01-10 10:12:12.721107 UTC,32.053553,34.762797,0,[]
2019-01-10 10:12:12.721107 UTC,32.04795,34.778063,0,[]
2019-01-10 10:12:12.721107 UTC,32.050287,34.752289,0,[]
2019-01-10 10:12:12.721107 UTC,32.035393,34.75873,0,[]
2019-01-10 10:12:12.721107 UTC,32.111635,34.838763,0,[]
2019-01-10 10:12:12.721107 UTC,32.072323,34.790555,1,[20]
2019-01-10 10:12:12.721107 UTC,32.046576,34.759767,1,[67]
"2019-01-10 10:12:12.721107 UTC,32.0887,34.7969,2,""[41, 70]"""
"2019-01-10 10:12:12.721107 UTC,32.0369,34.7625,4,""[145, 151, 207, 214]"""
2019-01-10 11:25:05.454347 UTC,32.11368,34.79476,1,[39]
2019-01-10 11:25:05.454347 UTC,32.0451,34.77424,1,[221]
2019-01-10 11:25:05.454347 UTC,32.12287,34.80109,1,[183]
2019-01-10 11:25:05.454347 UTC,32.04223,34.7742,1,[72]
2019-01-10 11:25:05.454347 UTC,32.04786,34.80916,1,[9]
2019-01-10 11:25:05.454347 UTC,32.11921,34.8201,1,[40]
2019-01-10 11:25:05.454347 UTC,32.13547,34.79706,1,[215]
2019-01-10 11:25:05.454347 UTC,32.11874,34.83406,1,[136]
2019-01-10 11:25:05.454347 UTC,32.14288,34.79361,1,[75]
2019-01-10 11:25:05.454347 UTC,32.09019,34.778027,0,[]
2019-01-10 11:25:05.454347 UTC,32.094177,34.775399,0,[]
2019-01-10 11:25:05.454347 UTC,32.07669,34.772553,0,[]
2019-01-10 11:25:05.454347 UTC,32.080801,34.768594,0,[]
2019-01-10 11:25:05.454347 UTC,32.095042,34.792425,0,[]
2019-01-10 11:25:05.454347 UTC,32.0986,34.7884,0,[]
2019-01-10 11:25:05.454347 UTC,32.070599,34.776225,0,[]
2019-01-10 11:25:05.454347 UTC,32.0755,34.8014,0,[]
2019-01-10 11:25:05.454347 UTC,32.054265,34.78285,0,[]
2019-01-10 11:25:05.454347 UTC,32.05419,34.79014,0,[]
2019-01-10 11:25:05.454347 UTC,32.125093,34.801667,0,[]
2019-01-10 11:25:05.454347 UTC,32.050287,34.752289,0,[]
2019-01-10 11:25:05.454347 UTC,32.130074,34.791931,0,[]
2019-01-10 11:25:05.454347 UTC,32.0882,34.7714,1,[119]
2019-01-10 11:25:05.454347 UTC,32.107753,34.793926,1,[84]
2019-01-10 11:25:05.454347 UTC,32.058597,34.8004,1,[251]
2019-01-10 11:25:05.454347 UTC,32.055046,34.767713,1,[147]
2019-01-10 11:58:24.326574 UTC,32.09995,34.78794,1,[182]
2019-01-10 11:58:24.326574 UTC,32.06757,34.79117,1,[198]
2019-01-10 11:58:24.326574 UTC,32.06268,34.76624,1,[127]
2019-01-10 11:58:24.326574 UTC,32.06465,34.80322,1,[106]
2019-01-10 11:58:24.326574 UTC,32.05653,34.77509,1,[4]
2019-01-10 11:58:24.326574 UTC,32.11115,34.81262,1,[163]
2019-01-10 11:58:24.326574 UTC,32.11971,34.79557,1,[11]
2019-01-10 11:58:24.326574 UTC,32.0528,34.76092,1,[176]
2019-01-10 11:58:24.326574 UTC,32.04434,34.78131,1,[129]
2019-01-10 11:58:24.326574 UTC,32.04156,34.77128,1,[160]
2019-01-10 11:58:24.326574 UTC,32.04261,34.76513,1,[155]
2019-01-10 11:58:24.326574 UTC,32.12883,34.79474,1,[173]
2019-01-10 11:58:24.326574 UTC,32.12369,34.83226,1,[22]
2019-01-10 11:58:24.326574 UTC,32.14306,34.79729,1,[132]
2019-01-10 11:58:24.326574 UTC,32.083175,34.776552,0,[]
2019-01-10 11:58:24.326574 UTC,32.092356,34.774966,0,[]
2019-01-10 11:58:24.326574 UTC,32.089773,34.790547,0,[]
2019-01-10 11:58:24.326574 UTC,32.094346,34.776588,0,[]
2019-01-10 11:58:24.326574 UTC,32.0756,34.7849,0,[]
2019-01-10 11:58:24.326574 UTC,32.096128,34.790745,0,[]
2019-01-10 11:58:24.326574 UTC,32.07729,34.76644,0,[]
2019-01-10 11:58:24.326574 UTC,32.102224,34.785543,0,[]
2019-01-10 11:58:24.326574 UTC,32.07005,34.772739,0,[]
2019-01-10 11:58:24.326574 UTC,32.1021,34.7892,0,[]
2019-01-10 11:58:24.326574 UTC,32.096792,34.797362,0,[]
2019-01-10 11:58:24.326574 UTC,32.0755,34.8014,0,[]
2019-01-10 11:58:24.326574 UTC,32.06879,34.796905,0,[]
2019-01-10 11:58:24.326574 UTC,32.067618,34.797781,0,[]
2019-01-10 11:58:24.326574 UTC,32.057382,34.767238,0,[]
2019-01-10 11:58:24.326574 UTC,32.116455,34.787799,0,[]
2019-01-10 11:58:24.326574 UTC,32.05419,34.79014,0,[]
2019-01-10 11:58:24.326574 UTC,32.04795,34.778063,0,[]
2019-01-10 11:58:24.326574 UTC,32.041052,34.769815,0,[]
2019-01-10 11:58:24.326574 UTC,32.143248,34.79234,0,[]
2019-01-10 11:58:24.326574 UTC,32.07947,34.770709,1,[10]
2019-01-10 11:58:24.326574 UTC,32.068052,34.802363,1,[95]
2019-01-10 11:58:24.326574 UTC,32.058374,34.775729,1,[200]
"2019-01-10 11:58:24.326574 UTC,32.073391,34.778651,2,""[128, 179]"""
"2019-01-10 11:58:24.326574 UTC,32.062973,34.776415,2,""[122, 231]"""
2019-01-10 09:53:26.907166 UTC,32.08884,34.79465,1,[143]
2019-01-10 09:53:26.907166 UTC,32.06336,34.79265,1,[253]
2019-01-10 09:53:26.907166 UTC,32.10291,34.80541,1,[78]
2019-01-10 09:53:26.907166 UTC,32.04156,34.77128,1,[160]
2019-01-10 09:53:26.907166 UTC,32.0456,34.75086,1,[111]
2019-01-10 09:53:26.907166 UTC,32.12132,34.82221,1,[71]
2019-01-10 09:53:26.907166 UTC,32.11036,34.83259,1,[264]
2019-01-10 09:53:26.907166 UTC,32.14288,34.79361,1,[75]
2019-01-10 09:53:26.907166 UTC,32.086521,34.779746,0,[]
2019-01-10 09:53:26.907166 UTC,32.081438,34.776281,0,[]
2019-01-10 09:53:26.907166 UTC,32.082191,34.771216,0,[]
2019-01-10 09:53:26.907166 UTC,32.073063,34.771625,0,[]
2019-01-10 09:53:26.907166 UTC,32.07729,34.76644,0,[]
2019-01-10 09:53:26.907166 UTC,32.102224,34.785543,0,[]
2019-01-10 09:53:26.907166 UTC,32.073687,34.765448,0,[]
2019-01-10 09:53:26.907166 UTC,32.064615,34.795787,0,[]
2019-01-10 09:53:26.907166 UTC,32.058374,34.775729,0,[]
2019-01-10 09:53:26.907166 UTC,32.057609,34.7643,0,[]
2019-01-10 09:53:26.907166 UTC,32.116455,34.787799,0,[]
2019-01-10 09:53:26.907166 UTC,32.107032,34.821409,0,[]
2019-01-10 09:53:26.907166 UTC,32.113723,34.82452,0,[]
2019-01-10 09:53:26.907166 UTC,32.143248,34.79234,0,[]
2019-01-10 09:53:26.907166 UTC,32.0736,34.7843,1,[76]
"2019-01-10 09:53:26.907166 UTC,32.0617,34.7844,2,""[7, 126]"""
"2019-01-10 09:53:26.907166 UTC,32.06119,34.78355,2,""[14, 203]"""
"2019-01-10 09:53:26.907166 UTC,32.111506,34.840876,5,""[91, 99, 112, 158, 252]"""
"2019-01-10 09:53:26.907166 UTC,32.1034,34.8059,5,""[52, 125, 195, 238, 262]"""
2019-01-10 11:23:00.480207 UTC,32.05299,34.78672,1,[271]
2019-01-10 11:23:00.480207 UTC,32.05105,34.78168,1,[46]
2019-01-10 11:23:00.480207 UTC,32.10688,34.81755,1,[193]
2019-01-10 11:23:00.480207 UTC,32.11668,34.81999,1,[246]
2019-01-10 11:23:00.480207 UTC,32.13547,34.79706,1,[215]
2019-01-10 11:23:00.480207 UTC,32.12156,34.8326,1,[170]
"2019-01-10 11:23:00.480207 UTC,32.03025,34.74837,2,""[60, 174]"""
2019-01-10 11:23:00.480207 UTC,32.086838,34.78117,0,[]
2019-01-10 11:23:00.480207 UTC,32.084954,34.78357,0,[]
2019-01-10 11:23:00.480207 UTC,32.083701,34.785538,0,[]
2019-01-10 11:23:00.480207 UTC,32.088814,34.777784,0,[]
2019-01-10 11:23:00.480207 UTC,32.098603,34.778565,0,[]
2019-01-10 11:23:00.480207 UTC,32.074182,34.769797,0,[]
2019-01-10 11:23:00.480207 UTC,32.070599,34.776225,0,[]
2019-01-10 11:23:00.480207 UTC,32.078621,34.797969,0,[]
2019-01-10 11:23:00.480207 UTC,32.102224,34.785543,0,[]
2019-01-10 11:23:00.480207 UTC,32.1021,34.7892,0,[]
2019-01-10 11:23:00.480207 UTC,32.064615,34.795787,0,[]
2019-01-10 11:23:00.480207 UTC,32.110047,34.79029,0,[]
2019-01-10 11:23:00.480207 UTC,32.05419,34.79014,0,[]
2019-01-10 11:23:00.480207 UTC,32.111344,34.801714,0,[]
2019-01-10 11:23:00.480207 UTC,32.124,34.7917,0,[]
2019-01-10 11:23:00.480207 UTC,32.119821,34.821159,0,[]
2019-01-10 11:23:00.480207 UTC,32.035393,34.75873,0,[]
2019-01-10 11:23:00.480207 UTC,32.03761,34.751066,0,[]
2019-01-10 11:23:00.480207 UTC,32.113535,34.84241,0,[]
2019-01-10 11:23:00.480207 UTC,32.0882,34.7714,1,[119]
2019-01-10 11:23:00.480207 UTC,32.069777,34.766401,1,[208]
2019-01-10 11:23:00.480207 UTC,32.06879,34.796905,1,[239]
2019-01-10 11:23:00.480207 UTC,32.120495,34.7926,1,[166]
"2019-01-10 11:23:00.480207 UTC,32.114,34.8188,2,""[35, 213]"""
2019-01-10 09:45:07.265499 UTC,32.09629,34.7915,1,[130]
2019-01-10 09:45:07.265499 UTC,32.06124,34.76274,1,[236]
2019-01-10 09:45:07.265499 UTC,32.04928,34.78688,1,[218]
2019-01-10 09:45:07.265499 UTC,32.0451,34.77424,1,[221]
2019-01-10 09:45:07.265499 UTC,32.04166,34.76301,1,[101]
2019-01-10 09:45:07.265499 UTC,32.12033,34.82437,1,[178]
2019-01-10 09:45:07.265499 UTC,32.12156,34.8326,1,[170]
2019-01-10 09:45:07.265499 UTC,32.086521,34.779746,0,[]
2019-01-10 09:45:07.265499 UTC,32.083701,34.785538,0,[]
2019-01-10 09:45:07.265499 UTC,32.080572,34.788038,0,[]
2019-01-10 09:45:07.265499 UTC,32.0919,34.7822,0,[]
2019-01-10 09:45:07.265499 UTC,32.07896,34.773268,0,[]
2019-01-10 09:45:07.265499 UTC,32.093463,34.778592,0,[]
2019-01-10 09:45:07.265499 UTC,32.082191,34.771216,0,[]
2019-01-10 09:45:07.265499 UTC,32.07947,34.770709,0,[]
2019-01-10 09:45:07.265499 UTC,32.074182,34.769797,0,[]
2019-01-10 09:45:07.265499 UTC,32.075637,34.766552,0,[]
2019-01-10 09:45:07.265499 UTC,32.065721,34.776917,0,[]
2019-01-10 09:45:07.265499 UTC,32.107753,34.793926,0,[]
2019-01-10 09:45:07.265499 UTC,32.056754,34.760987,0,[]
2019-01-10 09:45:07.265499 UTC,32.111722,34.816493,0,[]
2019-01-10 09:45:07.265499 UTC,32.050287,34.752289,0,[]
2019-01-10 09:45:07.265499 UTC,32.04409,34.80421,0,[]
2019-01-10 09:45:07.265499 UTC,32.110506,34.83111,0,[]
2019-01-10 09:45:07.265499 UTC,32.121978,34.834448,0,[]
2019-01-10 09:45:07.265499 UTC,32.089229,34.786514,1,[250]
2019-01-10 09:45:07.265499 UTC,32.0736,34.7843,1,[76]
2019-01-10 09:45:07.265499 UTC,32.062973,34.776415,1,[260]
2019-01-10 09:45:07.265499 UTC,32.050787,34.771715,1,[272]
"2019-01-10 09:45:07.265499 UTC,32.061717,34.767103,2,""[83, 186]"""
"2019-01-10 09:45:07.265499 UTC,32.1034,34.8059,5,""[52, 125, 195, 238, 262]"""
"2019-01-10 09:45:07.265499 UTC,32.0849,34.7966,6,""[62, 69, 86, 110, 115, 211]"""
2019-01-10 12:46:20.728703 UTC,32.09995,34.78794,1,[182]
2019-01-10 12:46:20.728703 UTC,32.06565,34.76645,1,[124]
2019-01-10 12:46:20.728703 UTC,32.1053,34.79569,1,[150]
2019-01-10 12:46:20.728703 UTC,32.11038,34.79082,1,[114]
2019-01-10 12:46:20.728703 UTC,32.05653,34.77509,1,[4]
2019-01-10 12:46:20.728703 UTC,32.05298,34.78671,1,[271]
2019-01-10 12:46:20.728703 UTC,32.11558,34.79632,1,[66]
2019-01-10 12:46:20.728703 UTC,32.11839,34.7874,1,[194]
2019-01-10 12:46:20.728703 UTC,32.04156,34.77128,1,[160]
2019-01-10 12:46:20.728703 UTC,32.04367,34.75321,1,[3]
2019-01-10 12:46:20.728703 UTC,32.12038,34.82437,1,[178]
2019-01-10 12:46:20.728703 UTC,32.11873,34.83409,1,[136]
2019-01-10 12:46:20.728703 UTC,32.14288,34.79361,1,[75]
2019-01-10 12:46:20.728703 UTC,32.14306,34.79729,1,[132]
2019-01-10 12:46:20.728703 UTC,32.089715,34.779953,0,[]
2019-01-10 12:46:20.728703 UTC,32.080102,34.785962,0,[]
2019-01-10 12:46:20.728703 UTC,32.081438,34.776281,0,[]
2019-01-10 12:46:20.728703 UTC,32.084926,34.773751,0,[]
2019-01-10 12:46:20.728703 UTC,32.079825,34.77445,0,[]
2019-01-10 12:46:20.728703 UTC,32.083389,34.769872,0,[]
2019-01-10 12:46:20.728703 UTC,32.094346,34.776588,0,[]
2019-01-10 12:46:20.728703 UTC,32.098603,34.778565,0,[]
2019-01-10 12:46:20.728703 UTC,32.096128,34.790745,0,[]
2019-01-10 12:46:20.728703 UTC,32.073063,34.771625,0,[]
2019-01-10 12:46:20.728703 UTC,32.074684,34.798119,0,[]
2019-01-10 12:46:20.728703 UTC,32.067618,34.797781,0,[]
2019-01-10 12:46:20.728703 UTC,32.1132,34.7959,0,[]
2019-01-10 12:46:20.728703 UTC,32.095524,34.773635,1,[13]
2019-01-10 12:46:20.728703 UTC,32.072323,34.790555,1,[26]
2019-01-10 12:46:20.728703 UTC,32.0619,34.7901,1,[263]
2019-01-10 12:46:20.728703 UTC,32.055046,34.767713,1,[147]
2019-01-10 12:46:20.728703 UTC,32.11185,34.81209,1,[29]
2019-01-10 12:46:20.728703 UTC,32.120495,34.7926,1,[166]
2019-01-10 12:46:20.728703 UTC,32.104012,34.810347,0,[]
2019-01-10 12:46:20.728703 UTC,32.06036,34.76154,1,[244]
"2019-01-10 12:46:20.728703 UTC,32.0369,34.7625,4,""[145, 151, 207, 214]"""
2019-01-10 10:30:56.837264 UTC,32.09629,34.7915,1,[130]
8/12/2019 3:53:40 AM, 32.1008261910442, 34.8185062408447, []
8/12/2019 3:56:35 AM, 32.1732876871274, 35.2386474609375, []
08/12/19 10:35:34 AM, 32.1334664271722, 34.8422813415527, []
08/12/19 4:36:24 PM, 3.34155272792142, -76.5310192108154, []
12/08/2019 9:02:46 p. m., 32.1985666064038, 34.8776435852051, []